2025-01-31 12:28:51,7.0,49.0,73.0
2025-01-31 12:28:53,58.0,30.0,72.0
2025-01-31 12:28:54,44.0,78.0,23.0
2025-01-31 12:28:55,9.0,40.0,65.0
2025-01-31 13:29:05,7.0,49.0,73.0
2025-01-31 13:29:06,58.0,30.0,72.0
2025-01-31 13:29:07,44.0,78.0,23.0
2025-01-31 13:29:08,9.0,40.0,65.0
2025-01-31 13:29:09,92.0,42.0,87.0
2025-01-31 13:29:10,3.0,27.0,29.0
2025-01-31 13:29:11,40.0,12.0,3.0
2025-01-31 13:29:12,69.0,9.0,57.0
2025-01-31 13:29:13,60.0,33.0,99.0
2025-01-31 13:29:14,78.0,16.0,35.0
2025-01-31 13:29:15,97.0,26.0,12.0
2025-01-31 13:29:16,67.0,10.0,33.0
2025-01-31 13:29:17,79.0,49.0,79.0
2025-01-31 13:30:21,7.0,49.0,73.0
2025-01-31 13:30:22,58.0,30.0,72.0
2025-01-31 13:30:23,44.0,78.0,23.0
2025-01-31 13:30:24,9.0,40.0,65.0
2025-01-31 13:30:25,92.0,42.0,87.0
2025-01-31 13:30:26,3.0,27.0,29.0
2025-01-31 13:30:27,40.0,12.0,3.0
2025-01-31 13:30:28,69.0,9.0,57.0
2025-01-31 13:30:29,60.0,33.0,99.0
2025-01-31 13:30:30,78.0,16.0,35.0
2025-01-31 13:30:31,97.0,26.0,12.0
2025-01-31 13:30:32,67.0,10.0,33.0
2025-01-31 13:30:33,79.0,49.0,79.0
2025-01-31 13:30:34,21.0,67.0,72.0
2025-01-31 13:30:35,93.0,36.0,85.0
2025-01-31 13:30:36,45.0,28.0,91.0
2025-01-31 13:30:37,94.0,57.0,1.0
2025-01-31 13:30:38,53.0,8.0,44.0
2025-01-31 13:30:39,68.0,90.0,24.0
2025-01-31 13:30:40,96.0,30.0,3.0
2025-01-31 13:30:41,22.0,66.0,49.0
2025-01-31 13:30:42,24.0,1.0,53.0
2025-01-31 13:30:43,77.0,8.0,28.0
2025-01-31 13:30:44,33.0,98.0,81.0
2025-01-31 13:30:45,35.0,13.0,65.0
2025-01-31 13:30:46,14.0,63.0,36.0
2025-01-31 13:30:47,25.0,69.0,15.0
2025-01-31 13:30:48,94.0,29.0,1.0
2025-01-31 13:30:49,17.0,95.0,5.0
2025-01-31 13:30:50,4.0,51.0,98.0
2025-01-31 13:30:51,88.0,23.0,5.0
2025-01-31 13:30:52,82.0,52.0,66.0
2025-01-31 13:30:53,16.0,37.0,38.0
2025-01-31 13:30:54,44.0,1.0,97.0
2025-01-31 13:30:55,71.0,28.0,37.0
2025-01-31 13:30:56,58.0,77.0,97.0
2025-01-31 13:30:57,94.0,4.0,9.0
2025-01-31 13:30:58,31.0,45.0,75.0
2025-01-31 13:30:59,35.0,98.0,42.0
2025-01-31 13:31:00,99.0,68.0,12.0
2025-01-31 13:31:01,60.0,57.0,94.0
2025-01-31 13:31:02,8.0,95.0,68.0
2025-01-31 13:31:03,13.0,30.0,6.0
2025-01-31 13:31:04,62.0,42.0,65.0
2025-01-31 13:31:05,82.0,52.0,67.0
2025-01-31 13:31:06,21.0,95.0,12.0
2025-01-31 13:31:07,71.0,1.0,90.0
2025-01-31 13:31:08,31.0,38.0,57.0
2025-01-31 13:31:09,16.0,90.0,40.0
2025-01-31 13:31:10,79.0,35.0,6.0
2025-01-31 13:31:11,72.0,98.0,95.0
2025-01-31 13:31:12,19.0,54.0,23.0
2025-01-31 13:31:13,89.0,60.0,5.0
2025-01-31 13:31:14,26.0,23.0,6.0
2025-01-31 13:31:15,13.0,70.0,38.0
2025-01-31 13:31:16,94.0,20.0,44.0
2025-01-31 13:31:17,66.0,34.0,26.0
2025-01-31 13:31:18,94.0,63.0,38.0
2025-01-31 13:31:19,44.0,90.0,50.0
2025-01-31 13:31:20,59.0,23.0,47.0
2025-01-31 13:31:21,85.0,17.0,72.0
2025-01-31 13:31:22,39.0,47.0,85.0
2025-01-31 13:31:23,96.0,85.0,23.0
2025-01-31 13:31:24,20.0,44.0,68.0
2025-01-31 13:31:25,35.0,15.0,25.0
2025-01-31 13:31:26,34.0,42.0,11.0
2025-01-31 13:31:27,79.0,52.0,44.0
2025-01-31 13:31:28,95.0,18.0,96.0
2025-01-31 13:31:29,92.0,15.0,91.0
2025-01-31 13:31:30,33.0,69.0,97.0
2025-01-31 13:31:31,53.0,47.0,25.0
2025-01-31 13:31:32,10.0,62.0,11.0
2025-01-31 13:31:33,8.0,77.0,61.0
2025-01-31 13:31:34,25.0,35.0,68.0
2025-01-31 13:31:35,95.0,76.0,67.0
2025-01-31 13:31:36,39.0,74.0,31.0
2025-01-31 13:31:37,56.0,1.0,72.0
2025-01-31 13:31:38,60.0,94.0,84.0
2025-01-31 13:31:39,55.0,89.0,7.0
2025-01-31 13:31:40,15.0,93.0,69.0
2025-01-31 13:31:41,80.0,55.0,55.0
2025-01-31 13:31:42,6.0,63.0,2.0
2025-01-31 13:31:43,76.0,8.0,49.0
2025-01-31 13:31:44,31.0,44.0,38.0
2025-01-31 13:31:45,8.0,97.0,51.0
2025-01-31 13:31:46,49.0,3.0,31.0
2025-01-31 13:31:47,31.0,14.0,19.0
2025-01-31 13:31:48,75.0,9.0,80.0
2025-01-31 13:31:49,29.0,23.0,54.0
2025-01-31 13:31:50,60.0,37.0,45.0
2025-01-31 13:31:51,17.0,25.0,0.0
2025-01-31 13:31:52,56.0,64.0,97.0
2025-01-31 13:31:53,48.0,4.0,50.0
2025-01-31 13:31:54,50.0,76.0,12.0
2025-01-31 13:31:55,54.0,97.0,4.0
2025-01-31 13:31:56,81.0,48.0,65.0
2025-01-31 13:31:57,78.0,99.0,9.0
2025-01-31 13:31:58,29.0,53.0,83.0
2025-01-31 13:31:59,47.0,7.0,73.0
2025-01-31 13:32:00,22.0,5.0,76.0
2025-01-31 13:32:01,53.0,24.0,30.0
2025-01-31 13:32:02,66.0,0.0,44.0
2025-01-31 13:32:03,70.0,85.0,16.0
2025-01-31 13:32:04,98.0,55.0,33.0
2025-01-31 13:32:05,57.0,76.0,78.0
2025-01-31 13:32:06,66.0,57.0,11.0
2025-01-31 13:32:07,78.0,14.0,19.0
2025-01-31 13:32:08,37.0,33.0,91.0
2025-01-31 13:32:09,20.0,62.0,33.0
2025-01-31 13:32:10,97.0,31.0,88.0
2025-01-31 13:32:11,89.0,73.0,77.0
2025-01-31 13:32:12,4.0,58.0,0.0
2025-01-31 13:32:13,54.0,60.0,15.0
2025-01-31 13:32:14,47.0,80.0,30.0
2025-01-31 13:32:15,55.0,46.0,7.0
2025-01-31 13:32:16,38.0,0.0,26.0
2025-01-31 13:32:17,35.0,57.0,13.0
2025-01-31 13:32:18,14.0,93.0,60.0
2025-01-31 13:32:19,54.0,18.0,57.0
2025-01-31 13:32:20,85.0,29.0,15.0
2025-01-31 13:32:21,63.0,2.0,17.0
2025-01-31 13:32:22,43.0,19.0,67.0
2025-01-31 13:32:23,47.0,69.0,95.0
2025-01-31 13:32:24,3.0,73.0,3.0
2025-01-31 13:32:25,48.0,85.0,58.0
2025-01-31 13:32:26,59.0,6.0,30.0
2025-01-31 13:32:27,24.0,32.0,73.0
2025-01-31 13:32:28,3.0,97.0,20.0
2025-01-31 13:32:29,50.0,31.0,80.0
2025-01-31 13:32:30,3.0,0.0,20.0
2025-01-31 13:32:31,33.0,58.0,3.0
2025-01-31 13:32:32,76.0,50.0,34.0
2025-01-31 13:32:33,80.0,79.0,32.0
2025-01-31 13:32:34,74.0,49.0,42.0
2025-01-31 13:32:35,49.0,71.0,10.0
2025-01-31 13:32:36,79.0,83.0,70.0
2025-01-31 13:32:37,40.0,23.0,50.0
2025-01-31 13:32:38,71.0,29.0,18.0
2025-01-31 13:32:39,46.0,99.0,30.0
2025-01-31 13:32:40,21.0,76.0,24.0
2025-01-31 13:32:41,44.0,58.0,96.0
2025-01-31 13:32:42,71.0,64.0,60.0
2025-01-31 13:32:43,98.0,51.0,40.0
2025-01-31 13:32:44,3.0,51.0,1.0
2025-01-31 13:32:45,5.0,80.0,18.0
2025-01-31 13:32:46,74.0,49.0,13.0
2025-01-31 13:32:47,20.0,25.0,12.0
2025-01-31 13:32:48,83.0,88.0,17.0
2025-01-31 13:32:49,8.0,50.0,24.0
2025-01-31 13:32:50,95.0,57.0,11.0
2025-01-31 13:32:51,90.0,66.0,10.0
2025-01-31 13:32:52,93.0,53.0,65.0
2025-01-31 13:32:53,60.0,42.0,3.0
2025-01-31 13:32:55,52.0,7.0,41.0
2025-01-31 13:32:56,10.0,0.0,99.0
2025-01-31 13:32:57,27.0,71.0,87.0
2025-01-31 13:32:58,14.0,25.0,41.0
2025-01-31 13:32:59,17.0,48.0,42.0
2025-01-31 13:33:00,15.0,74.0,45.0
2025-01-31 13:33:01,73.0,20.0,11.0
2025-01-31 13:33:02,39.0,54.0,5.0
2025-01-31 13:33:03,29.0,53.0,89.0
2025-01-31 13:33:04,66.0,56.0,4.0
2025-01-31 13:33:05,60.0,98.0,92.0
2025-01-31 13:33:06,20.0,16.0,80.0
2025-01-31 13:33:07,67.0,52.0,39.0
2025-01-31 13:33:08,98.0,1.0,11.0
2025-01-31 13:33:09,16.0,91.0,71.0
2025-01-31 13:33:10,28.0,71.0,61.0
2025-01-31 13:33:11,45.0,20.0,40.0
2025-01-31 13:33:12,58.0,53.0,27.0
2025-01-31 13:33:13,50.0,11.0,63.0
2025-01-31 13:33:14,94.0,33.0,27.0
2025-01-31 13:33:15,27.0,95.0,31.0
2025-01-31 13:33:16,42.0,16.0,6.0
2025-01-31 13:33:17,15.0,24.0,1.0
2025-01-31 13:33:18,97.0,61.0,3.0
2025-01-31 13:33:19,24.0,8.0,36.0
2025-01-31 13:33:20,81.0,15.0,10.0
2025-01-31 13:33:21,16.0,5.0,73.0
2025-01-31 13:33:22,81.0,20.0,91.0
2025-01-31 13:33:23,69.0,65.0,27.0
2025-01-31 13:33:24,36.0,28.0,25.0
2025-01-31 13:33:25,84.0,67.0,49.0
2025-01-31 13:33:26,76.0,46.0,76.0
2025-01-31 13:33:27,66.0,67.0,20.0
2025-01-31 13:33:28,84.0,91.0,10.0
2025-01-31 13:33:29,58.0,11.0,44.0
2025-01-31 13:33:30,18.0,18.0,34.0
2025-01-31 13:33:31,25.0,67.0,89.0
2025-01-31 13:33:32,18.0,14.0,25.0
2025-01-31 13:33:33,18.0,28.0,29.0
2025-01-31 13:33:34,34.0,27.0,40.0
2025-01-31 13:33:35,54.0,40.0,96.0
2025-01-31 13:33:36,35.0,83.0,48.0
2025-01-31 13:33:37,65.0,11.0,52.0
2025-01-31 13:33:38,64.0,76.0,37.0
2025-01-31 13:33:39,75.0,45.0,10.0
2025-01-31 13:33:40,15.0,92.0,10.0
2025-01-31 13:33:41,47.0,37.0,99.0
2025-01-31 13:33:42,47.0,15.0,93.0
2025-01-31 13:33:43,79.0,29.0,64.0
2025-01-31 13:33:44,79.0,1.0,25.0
2025-01-31 13:33:45,89.0,58.0,33.0
2025-01-31 13:33:46,0.0,89.0,70.0
2025-01-31 13:33:47,17.0,46.0,38.0
2025-01-31 13:33:48,43.0,38.0,36.0
2025-01-31 13:33:49,21.0,19.0,96.0
2025-01-31 13:33:50,47.0,88.0,59.0
2025-01-31 13:33:51,87.0,35.0,35.0
2025-01-31 13:33:52,12.0,84.0,89.0
2025-01-31 13:33:53,84.0,34.0,67.0
2025-01-31 13:33:54,19.0,15.0,45.0
2025-01-31 13:33:55,76.0,61.0,25.0
2025-01-31 13:33:56,19.0,31.0,3.0
2025-01-31 13:33:57,98.0,98.0,39.0
2025-01-31 13:33:58,4.0,3.0,79.0
2025-01-31 13:33:59,65.0,91.0,7.0
2025-01-31 13:34:00,24.0,65.0,21.0
2025-01-31 13:34:01,54.0,6.0,50.0
2025-01-31 13:34:02,3.0,32.0,32.0
2025-01-31 13:34:03,41.0,54.0,77.0
2025-01-31 13:34:04,17.0,0.0,89.0
2025-01-31 13:34:05,65.0,47.0,22.0
2025-01-31 13:34:06,79.0,17.0,16.0
2025-01-31 13:34:07,48.0,62.0,29.0
2025-01-31 13:34:08,39.0,8.0,3.0
2025-01-31 13:34:09,57.0,61.0,52.0
2025-01-31 13:34:10,66.0,21.0,57.0
2025-01-31 13:34:11,96.0,55.0,30.0
2025-01-31 13:34:12,94.0,55.0,21.0
2025-01-31 13:34:13,12.0,93.0,27.0
2025-01-31 13:34:14,32.0,44.0,91.0
2025-01-31 13:34:15,98.0,52.0,56.0
2025-01-31 13:34:16,70.0,3.0,39.0
2025-01-31 13:34:17,14.0,99.0,66.0
2025-01-31 13:34:18,35.0,21.0,43.0
2025-01-31 13:34:19,52.0,86.0,19.0
2025-01-31 13:34:20,50.0,10.0,23.0
2025-01-31 13:34:21,69.0,5.0,43.0
2025-01-31 13:34:22,11.0,31.0,92.0
2025-01-31 13:34:23,16.0,99.0,71.0
2025-01-31 13:34:24,39.0,70.0,36.0
2025-01-31 13:34:25,91.0,57.0,33.0
2025-01-31 13:34:26,28.0,77.0,10.0
2025-01-31 13:34:27,83.0,76.0,89.0
2025-01-31 13:34:28,91.0,34.0,11.0
2025-01-31 13:34:29,4.0,26.0,91.0
2025-01-31 13:34:30,90.0,22.0,64.0
2025-01-31 13:34:31,90.0,84.0,13.0
2025-01-31 13:34:32,41.0,27.0,79.0
2025-01-31 13:34:33,84.0,37.0,70.0
2025-01-31 13:34:34,61.0,81.0,65.0
2025-01-31 13:34:35,2.0,32.0,32.0
2025-01-31 13:34:36,54.0,59.0,47.0
2025-01-31 13:34:37,77.0,62.0,10.0
2025-01-31 13:34:38,19.0,50.0,77.0
2025-01-31 13:34:39,41.0,36.0,20.0
2025-01-31 13:34:40,99.0,12.0,59.0
2025-01-31 13:34:41,56.0,90.0,52.0
2025-01-31 13:34:42,48.0,14.0,44.0
2025-01-31 13:34:43,18.0,50.0,1.0
2025-01-31 13:34:44,95.0,21.0,31.0
2025-01-31 13:34:45,1.0,45.0,61.0
2025-01-31 13:34:46,57.0,10.0,28.0
2025-01-31 13:34:47,5.0,73.0,37.0
2025-01-31 13:34:48,69.0,96.0,3.0
2025-01-31 13:34:49,21.0,75.0,18.0
2025-01-31 13:34:50,0.0,89.0,62.0
2025-01-31 13:34:51,54.0,63.0,43.0
2025-01-31 13:34:52,89.0,50.0,35.0
2025-01-31 13:34:53,15.0,64.0,94.0
2025-01-31 13:34:54,63.0,58.0,52.0
2025-01-31 13:34:55,92.0,16.0,14.0
2025-01-31 13:34:56,20.0,60.0,50.0
2025-01-31 13:34:57,68.0,41.0,47.0
2025-01-31 13:34:58,96.0,87.0,1.0
2025-01-31 13:34:59,34.0,28.0,71.0
2025-01-31 13:35:00,48.0,75.0,53.0
2025-01-31 13:35:01,71.0,29.0,93.0
2025-01-31 13:35:02,19.0,71.0,20.0
2025-01-31 13:35:03,64.0,79.0,30.0
2025-01-31 13:35:04,10.0,80.0,13.0
2025-01-31 13:35:05,42.0,38.0,82.0
2025-01-31 13:35:06,44.0,28.0,93.0
2025-01-31 13:35:07,75.0,80.0,0.0
2025-01-31 13:35:08,96.0,47.0,70.0
2025-01-31 13:35:09,87.0,43.0,33.0
2025-01-31 13:35:10,52.0,61.0,24.0
2025-01-31 13:35:11,0.0,80.0,78.0
2025-01-31 13:35:12,57.0,23.0,98.0
2025-01-31 13:35:13,14.0,45.0,62.0
2025-01-31 13:35:14,9.0,10.0,49.0
2025-01-31 13:35:15,18.0,90.0,55.0
2025-01-31 13:35:16,43.0,55.0,85.0
2025-01-31 13:35:17,34.0,75.0,21.0
2025-01-31 13:35:18,51.0,26.0,51.0
2025-01-31 13:35:19,59.0,83.0,14.0
2025-01-31 13:35:20,37.0,79.0,98.0
2025-01-31 13:35:21,0.0,37.0,85.0
2025-01-31 13:35:22,78.0,84.0,42.0
2025-01-31 13:35:23,15.0,60.0,67.0
2025-01-31 13:35:24,40.0,7.0,66.0
2025-01-31 13:35:25,28.0,62.0,63.0
2025-01-31 13:35:26,69.0,90.0,23.0
2025-01-31 13:35:27,78.0,13.0,61.0
2025-01-31 13:35:28,10.0,40.0,78.0
2025-01-31 13:35:29,0.0,94.0,7.0
2025-01-31 13:35:30,56.0,51.0,86.0
2025-01-31 13:35:31,31.0,44.0,39.0
2025-01-31 13:35:32,76.0,84.0,52.0
2025-01-31 13:35:33,8.0,14.0,54.0
2025-01-31 13:35:34,19.0,28.0,71.0
2025-01-31 13:35:35,70.0,63.0,47.0
2025-01-31 13:35:36,24.0,43.0,54.0
2025-01-31 13:35:37,8.0,81.0,52.0
2025-01-31 13:35:38,88.0,63.0,59.0
2025-01-31 13:35:39,19.0,79.0,56.0
2025-01-31 13:35:40,61.0,87.0,53.0
2025-01-31 13:35:41,99.0,88.0,44.0
2025-01-31 13:35:42,80.0,66.0,83.0
2025-01-31 13:35:43,74.0,36.0,9.0
2025-01-31 13:35:44,67.0,34.0,39.0
2025-01-31 13:35:45,84.0,51.0,49.0
2025-01-31 13:35:46,66.0,67.0,10.0
2025-01-31 13:35:47,89.0,27.0,73.0
2025-01-31 13:35:48,81.0,95.0,36.0
2025-01-31 13:35:49,74.0,35.0,31.0
2025-01-31 13:35:50,72.0,28.0,98.0
2025-01-31 13:35:51,70.0,87.0,97.0
2025-01-31 13:35:52,89.0,46.0,90.0
2025-01-31 13:35:53,11.0,12.0,63.0
2025-01-31 13:35:54,12.0,81.0,51.0
2025-01-31 13:35:55,30.0,21.0,13.0
2025-01-31 13:35:56,28.0,50.0,0.0
2025-01-31 13:35:57,59.0,54.0,92.0
2025-01-31 13:35:58,94.0,30.0,32.0
2025-01-31 13:35:59,59.0,77.0,79.0
2025-01-31 13:36:00,32.0,72.0,83.0
2025-01-31 13:36:01,81.0,53.0,22.0
2025-01-31 13:36:02,21.0,56.0,18.0
2025-01-31 13:36:04,91.0,0.0,96.0
2025-01-31 13:36:05,20.0,4.0,99.0
2025-01-31 13:36:06,29.0,44.0,75.0
2025-01-31 13:36:07,70.0,16.0,99.0
2025-01-31 13:36:08,80.0,18.0,88.0
2025-01-31 13:36:09,52.0,28.0,0.0
2025-01-31 13:36:10,62.0,40.0,49.0
2025-01-31 13:36:11,85.0,83.0,15.0
2025-01-31 13:36:12,59.0,78.0,59.0
2025-01-31 13:36:13,61.0,82.0,48.0
2025-01-31 13:36:14,54.0,40.0,81.0
2025-01-31 13:36:15,70.0,28.0,51.0
2025-01-31 13:36:16,44.0,69.0,95.0
2025-01-31 13:36:17,69.0,10.0,72.0
2025-01-31 13:36:18,23.0,25.0,19.0
2025-01-31 13:36:19,50.0,31.0,43.0
2025-01-31 13:36:20,46.0,69.0,70.0
2025-01-31 13:36:21,94.0,10.0,92.0
2025-01-31 13:36:22,64.0,24.0,61.0
2025-01-31 13:36:23,19.0,20.0,62.0
2025-01-31 13:36:24,61.0,25.0,34.0
2025-01-31 13:36:25,49.0,90.0,22.0
2025-01-31 13:36:26,60.0,93.0,28.0
2025-01-31 13:36:27,22.0,81.0,66.0
2025-01-31 13:36:28,68.0,23.0,22.0
2025-01-31 13:36:29,39.0,17.0,93.0
2025-01-31 13:36:30,64.0,78.0,56.0
2025-01-31 13:36:31,71.0,41.0,55.0
2025-01-31 13:36:32,36.0,89.0,28.0
2025-01-31 13:36:33,20.0,2.0,12.0
2025-01-31 13:36:34,16.0,47.0,46.0
2025-01-31 13:36:35,51.0,72.0,11.0
2025-01-31 13:36:36,23.0,36.0,5.0
2025-01-31 13:36:37,7.0,33.0,66.0
2025-01-31 13:36:38,53.0,12.0,25.0
2025-01-31 13:36:39,40.0,53.0,57.0
2025-01-31 13:36:40,33.0,95.0,39.0
2025-01-31 13:36:41,51.0,58.0,94.0
2025-01-31 13:36:42,60.0,38.0,29.0
2025-01-31 13:36:43,75.0,98.0,92.0
2025-01-31 13:36:44,33.0,62.0,76.0
2025-01-31 13:36:45,36.0,46.0,73.0
2025-01-31 13:36:46,64.0,84.0,92.0
2025-01-31 13:36:47,19.0,42.0,28.0
2025-01-31 13:36:48,59.0,62.0,45.0
2025-01-31 13:36:49,16.0,27.0,72.0
2025-01-31 13:36:50,48.0,0.0,70.0
2025-01-31 13:36:51,98.0,92.0,45.0
2025-01-31 13:36:52,28.0,0.0,43.0
2025-01-31 13:36:53,92.0,63.0,83.0
2025-01-31 13:36:54,72.0,1.0,9.0
2025-01-31 13:36:55,21.0,86.0,13.0
2025-01-31 13:36:56,69.0,31.0,57.0
2025-01-31 13:36:57,19.0,86.0,56.0
2025-01-31 13:36:58,16.0,54.0,54.0
2025-01-31 13:36:59,14.0,15.0,37.0
2025-01-31 13:37:00,66.0,97.0,77.0
2025-01-31 13:37:01,60.0,12.0,91.0
2025-01-31 13:37:02,31.0,74.0,63.0
2025-01-31 13:37:03,77.0,24.0,84.0
2025-01-31 13:37:04,33.0,50.0,27.0
2025-01-31 13:37:05,99.0,29.0,9.0
2025-01-31 13:37:06,44.0,64.0,51.0
2025-01-31 13:37:07,12.0,79.0,34.0
2025-01-31 13:37:08,7.0,83.0,0.0
2025-01-31 13:37:09,59.0,10.0,53.0
2025-01-31 13:37:10,91.0,21.0,25.0
2025-01-31 13:37:11,53.0,29.0,96.0
2025-01-31 13:37:12,53.0,61.0,58.0
2025-01-31 13:37:13,91.0,63.0,20.0
2025-01-31 13:37:14,68.0,87.0,26.0
2025-01-31 13:37:15,72.0,19.0,41.0
2025-01-31 13:37:16,4.0,51.0,92.0
2025-01-31 13:37:17,45.0,70.0,74.0
2025-01-31 13:37:18,62.0,76.0,17.0
2025-01-31 13:37:19,26.0,13.0,44.0
2025-01-31 13:37:20,71.0,79.0,35.0
2025-01-31 13:37:21,29.0,88.0,48.0
2025-01-31 13:37:22,78.0,17.0,23.0
2025-01-31 13:37:23,38.0,8.0,29.0
2025-01-31 13:37:24,26.0,68.0,6.0
2025-01-31 13:37:25,99.0,55.0,29.0
2025-01-31 13:37:26,76.0,88.0,96.0
2025-01-31 13:37:27,19.0,64.0,37.0
2025-01-31 13:37:28,16.0,18.0,91.0
2025-01-31 13:37:29,83.0,98.0,20.0
2025-01-31 13:37:30,48.0,61.0,51.0
2025-01-31 13:37:31,18.0,77.0,46.0
2025-01-31 13:37:32,61.0,78.0,28.0
2025-01-31 13:37:33,63.0,35.0,6.0
2025-01-31 13:37:34,8.0,68.0,79.0
2025-01-31 13:37:35,19.0,23.0,77.0
2025-01-31 13:37:36,92.0,53.0,78.0
2025-01-31 13:37:37,53.0,95.0,71.0
2025-01-31 13:37:38,75.0,4.0,62.0
2025-01-31 13:37:39,32.0,19.0,31.0
2025-01-31 13:37:40,35.0,68.0,68.0
2025-01-31 13:37:41,10.0,34.0,70.0
2025-01-31 13:37:42,78.0,65.0,45.0
2025-01-31 13:37:43,79.0,75.0,27.0
2025-01-31 13:37:44,87.0,63.0,37.0
2025-01-31 13:37:45,66.0,34.0,83.0
2025-01-31 13:37:46,75.0,84.0,55.0
2025-01-31 13:37:47,56.0,99.0,64.0
2025-01-31 13:37:48,93.0,86.0,33.0
2025-01-31 13:37:49,24.0,47.0,94.0
2025-01-31 13:37:50,30.0,67.0,65.0
2025-01-31 13:37:51,10.0,82.0,5.0
2025-01-31 13:37:52,14.0,52.0,41.0
2025-01-31 13:37:53,85.0,91.0,6.0
2025-01-31 13:37:54,60.0,60.0,12.0
2025-01-31 13:37:55,3.0,30.0,85.0
2025-01-31 13:37:56,0.0,85.0,67.0
2025-01-31 13:37:57,84.0,88.0,0.0
2025-01-31 13:37:58,86.0,0.0,95.0
2025-01-31 13:37:59,99.0,2.0,28.0
2025-01-31 13:38:00,83.0,17.0,36.0
2025-01-31 13:38:01,2.0,89.0,78.0
2025-01-31 13:38:02,25.0,89.0,22.0
2025-01-31 13:38:03,95.0,5.0,19.0
2025-01-31 13:38:04,91.0,21.0,74.0
2025-01-31 13:38:05,14.0,62.0,6.0
2025-01-31 13:38:06,83.0,26.0,19.0
2025-01-31 13:38:07,1.0,30.0,44.0
2025-01-31 13:38:08,75.0,58.0,62.0
2025-01-31 13:38:09,31.0,36.0,20.0
2025-01-31 13:38:10,8.0,24.0,47.0
2025-01-31 13:38:11,8.0,11.0,97.0
2025-01-31 13:38:12,0.0,14.0,96.0
2025-01-31 13:38:13,99.0,45.0,33.0
2025-01-31 13:38:14,62.0,39.0,54.0
2025-01-31 13:38:15,21.0,86.0,36.0
2025-01-31 13:38:16,10.0,62.0,73.0
2025-01-31 13:38:17,93.0,35.0,88.0
2025-01-31 13:38:18,71.0,38.0,21.0
2025-01-31 13:38:19,91.0,13.0,60.0
2025-01-31 13:38:20,57.0,92.0,43.0
2025-01-31 13:38:21,75.0,68.0,13.0
2025-01-31 13:38:22,15.0,36.0,91.0
2025-01-31 13:38:23,47.0,69.0,32.0
2025-01-31 13:38:24,34.0,28.0,43.0
2025-01-31 13:38:25,79.0,6.0,54.0
2025-01-31 13:38:26,7.0,37.0,3.0
2025-01-31 13:38:27,21.0,47.0,34.0
2025-01-31 13:38:28,49.0,16.0,59.0
2025-01-31 13:38:29,38.0,50.0,83.0
2025-01-31 13:38:30,86.0,96.0,85.0
2025-01-31 13:38:31,24.0,22.0,63.0
2025-01-31 13:38:32,81.0,12.0,51.0
2025-01-31 13:38:33,2.0,95.0,36.0
2025-01-31 13:38:34,54.0,8.0,80.0
2025-01-31 13:38:35,31.0,30.0,95.0
2025-01-31 13:38:36,14.0,12.0,36.0
2025-01-31 13:38:37,37.0,9.0,85.0
2025-01-31 13:38:38,19.0,81.0,10.0
2025-01-31 13:38:39,8.0,9.0,39.0
2025-01-31 13:38:40,67.0,19.0,66.0
2025-01-31 13:38:41,99.0,20.0,15.0
2025-01-31 13:38:42,77.0,22.0,42.0
2025-01-31 13:38:43,80.0,81.0,85.0
2025-01-31 13:38:44,30.0,25.0,36.0
2025-01-31 13:38:45,94.0,45.0,2.0
2025-01-31 13:38:46,33.0,80.0,56.0
2025-01-31 13:38:47,34.0,17.0,81.0
2025-01-31 13:38:48,81.0,58.0,5.0
2025-01-31 13:38:49,92.0,60.0,51.0
2025-01-31 13:38:50,1.0,42.0,44.0
2025-01-31 13:38:51,35.0,55.0,72.0
2025-01-31 13:38:52,43.0,22.0,13.0
2025-01-31 13:38:53,41.0,81.0,79.0
2025-01-31 13:38:54,18.0,60.0,29.0
2025-01-31 13:38:55,55.0,82.0,64.0
2025-01-31 13:38:56,32.0,13.0,95.0
2025-01-31 13:38:57,28.0,4.0,55.0
2025-01-31 13:38:58,11.0,81.0,10.0
2025-01-31 13:38:59,4.0,51.0,16.0
2025-01-31 13:39:00,61.0,64.0,5.0
2025-01-31 13:39:01,22.0,13.0,43.0
2025-01-31 13:39:02,36.0,18.0,94.0
2025-01-31 13:39:03,88.0,43.0,39.0
2025-01-31 13:39:04,2.0,43.0,70.0
2025-01-31 13:39:05,19.0,12.0,17.0
2025-01-31 13:39:06,32.0,82.0,97.0
2025-01-31 13:39:07,59.0,73.0,90.0
2025-01-31 13:39:08,19.0,10.0,11.0
2025-01-31 13:39:09,15.0,78.0,42.0
2025-01-31 13:39:10,45.0,70.0,62.0
2025-01-31 13:39:11,8.0,83.0,99.0
2025-01-31 13:39:13,9.0,13.0,50.0
2025-01-31 13:39:14,51.0,65.0,2.0
2025-01-31 13:39:15,17.0,53.0,99.0
2025-01-31 13:39:16,16.0,84.0,69.0
2025-01-31 13:39:17,42.0,3.0,15.0
2025-01-31 13:39:18,29.0,57.0,82.0
2025-01-31 13:39:19,64.0,52.0,54.0
2025-01-31 13:39:20,26.0,27.0,55.0
2025-01-31 13:39:21,59.0,52.0,86.0
2025-01-31 13:39:22,22.0,29.0,86.0
2025-01-31 13:39:23,49.0,79.0,98.0
2025-01-31 13:39:24,90.0,3.0,86.0
2025-01-31 13:39:25,43.0,27.0,85.0
2025-01-31 13:39:26,98.0,87.0,17.0
2025-01-31 13:39:27,31.0,76.0,61.0
2025-01-31 13:39:28,63.0,14.0,83.0
2025-01-31 13:39:29,32.0,22.0,11.0
2025-01-31 13:39:30,91.0,71.0,42.0
2025-01-31 13:39:31,33.0,53.0,30.0
2025-01-31 13:39:32,80.0,4.0,15.0
2025-01-31 13:39:33,87.0,10.0,81.0
2025-01-31 13:39:34,58.0,86.0,33.0
2025-01-31 13:39:35,40.0,59.0,36.0
2025-01-31 13:39:36,62.0,38.0,54.0
2025-01-31 13:39:37,26.0,26.0,12.0
2025-01-31 13:39:38,95.0,21.0,77.0
2025-01-31 13:39:39,41.0,58.0,54.0
2025-01-31 13:39:40,20.0,97.0,27.0
2025-01-31 13:39:41,51.0,62.0,32.0
2025-01-31 13:39:42,37.0,4.0,57.0
2025-01-31 13:39:43,5.0,7.0,43.0
2025-01-31 13:39:44,58.0,39.0,43.0
2025-01-31 13:39:45,97.0,81.0,65.0
2025-01-31 13:39:46,57.0,5.0,17.0
2025-01-31 13:39:47,12.0,24.0,84.0
2025-01-31 13:39:48,59.0,99.0,16.0
2025-01-31 13:39:49,40.0,51.0,46.0
2025-01-31 13:39:50,22.0,93.0,15.0
2025-01-31 13:39:51,49.0,61.0,49.0
2025-01-31 13:39:52,31.0,96.0,23.0
2025-01-31 13:39:53,96.0,44.0,50.0
2025-01-31 13:39:54,38.0,31.0,59.0
2025-01-31 13:39:55,35.0,65.0,1.0
2025-01-31 13:39:56,87.0,37.0,48.0
2025-01-31 13:39:57,20.0,24.0,94.0
2025-01-31 13:39:58,75.0,3.0,89.0
2025-01-31 13:39:59,86.0,45.0,43.0
2025-01-31 13:40:00,57.0,32.0,61.0
2025-01-31 13:40:01,78.0,4.0,2.0
2025-01-31 13:40:02,31.0,20.0,86.0
2025-01-31 13:40:03,30.0,43.0,67.0
2025-01-31 13:40:04,48.0,44.0,17.0
2025-01-31 13:40:05,49.0,25.0,73.0
2025-01-31 13:40:06,63.0,16.0,80.0
2025-01-31 13:40:07,48.0,79.0,57.0
2025-01-31 13:40:08,14.0,5.0,89.0
2025-01-31 13:40:09,7.0,5.0,27.0
2025-01-31 13:40:10,14.0,15.0,8.0
2025-01-31 13:40:11,97.0,49.0,95.0
2025-01-31 13:40:12,29.0,26.0,66.0
2025-01-31 13:40:13,98.0,85.0,62.0
2025-01-31 13:40:14,18.0,53.0,79.0
2025-01-31 13:40:15,3.0,83.0,23.0
2025-01-31 13:40:16,59.0,21.0,74.0
2025-01-31 13:40:17,34.0,75.0,2.0
2025-01-31 13:40:18,36.0,79.0,15.0
2025-01-31 13:40:19,50.0,13.0,50.0
2025-01-31 13:40:20,92.0,48.0,83.0
2025-01-31 13:40:21,81.0,47.0,8.0
2025-01-31 13:40:22,6.0,78.0,6.0
2025-01-31 13:40:23,67.0,14.0,10.0
2025-01-31 13:40:24,70.0,58.0,17.0
2025-01-31 13:40:25,46.0,4.0,56.0
2025-01-31 13:40:26,63.0,37.0,98.0
2025-01-31 13:40:27,34.0,56.0,8.0
2025-01-31 13:40:28,12.0,13.0,80.0
2025-01-31 13:40:29,24.0,4.0,13.0
2025-01-31 13:40:30,73.0,62.0,79.0
2025-01-31 13:40:31,77.0,69.0,47.0
2025-01-31 13:40:32,31.0,53.0,33.0
2025-01-31 13:40:33,39.0,20.0,94.0
2025-01-31 13:40:34,97.0,24.0,71.0
2025-01-31 13:40:35,58.0,20.0,48.0
2025-01-31 13:40:36,18.0,1.0,17.0
2025-01-31 13:40:37,92.0,13.0,80.0
2025-01-31 13:40:38,56.0,40.0,94.0
2025-01-31 13:40:39,68.0,70.0,63.0
2025-01-31 13:40:40,49.0,34.0,25.0
2025-01-31 13:40:41,71.0,91.0,50.0
2025-01-31 13:40:42,17.0,10.0,54.0
2025-01-31 13:40:43,25.0,1.0,94.0
2025-01-31 13:40:44,92.0,34.0,70.0
2025-01-31 13:40:45,46.0,87.0,21.0
2025-01-31 13:40:46,65.0,89.0,71.0
2025-01-31 13:40:47,65.0,60.0,10.0
2025-01-31 13:40:48,75.0,9.0,94.0
2025-01-31 13:40:49,23.0,34.0,74.0
2025-01-31 13:40:50,14.0,94.0,23.0
2025-01-31 13:40:51,75.0,77.0,57.0
2025-01-31 13:40:52,27.0,22.0,74.0
2025-01-31 13:40:53,72.0,39.0,39.0
2025-01-31 13:40:54,83.0,17.0,30.0
2025-01-31 13:40:55,90.0,6.0,96.0
2025-01-31 13:40:56,12.0,95.0,38.0
2025-01-31 13:40:57,16.0,21.0,84.0
2025-01-31 13:40:58,27.0,78.0,60.0
2025-01-31 13:40:59,72.0,87.0,35.0
2025-01-31 13:41:00,81.0,26.0,94.0
2025-01-31 13:41:01,30.0,95.0,58.0
2025-01-31 13:41:02,19.0,12.0,43.0
2025-01-31 13:41:03,12.0,6.0,28.0
2025-01-31 13:41:04,93.0,26.0,26.0
2025-01-31 13:41:05,26.0,33.0,81.0
2025-01-31 13:41:06,96.0,92.0,61.0
2025-01-31 13:41:07,9.0,77.0,24.0
2025-01-31 13:41:08,22.0,40.0,52.0
2025-01-31 13:41:09,15.0,80.0,92.0
2025-01-31 13:41:10,51.0,52.0,73.0
2025-01-31 13:41:11,77.0,17.0,26.0
2025-01-31 13:41:12,65.0,61.0,39.0
2025-01-31 13:41:13,49.0,7.0,19.0
2025-01-31 13:41:14,30.0,76.0,25.0
2025-01-31 13:41:15,81.0,27.0,59.0
2025-01-31 13:41:16,97.0,93.0,25.0
2025-01-31 13:41:17,29.0,22.0,48.0
2025-01-31 13:41:18,53.0,79.0,68.0
2025-01-31 13:41:19,27.0,24.0,31.0
2025-01-31 13:41:20,77.0,6.0,0.0
2025-01-31 13:41:21,72.0,1.0,30.0
2025-01-31 13:41:22,98.0,77.0,49.0
2025-01-31 13:41:23,94.0,27.0,52.0
2025-01-31 13:41:24,59.0,77.0,70.0
2025-01-31 13:41:25,51.0,24.0,84.0
2025-01-31 13:41:26,20.0,15.0,19.0
2025-01-31 13:41:27,77.0,95.0,95.0
2025-01-31 13:41:28,64.0,0.0,18.0
2025-01-31 13:41:29,17.0,23.0,17.0
2025-01-31 13:41:30,54.0,68.0,87.0
2025-01-31 13:41:31,75.0,13.0,22.0
2025-01-31 13:41:32,57.0,16.0,82.0
2025-01-31 13:41:33,42.0,62.0,8.0
2025-01-31 13:41:34,40.0,5.0,70.0
2025-01-31 13:41:35,6.0,1.0,19.0
2025-01-31 13:41:36,20.0,62.0,17.0
2025-01-31 13:41:37,35.0,52.0,94.0
2025-01-31 13:41:38,35.0,10.0,31.0
2025-01-31 13:41:39,63.0,51.0,47.0
2025-01-31 13:41:40,51.0,10.0,49.0
2025-01-31 13:41:41,47.0,34.0,48.0
2025-01-31 13:41:42,23.0,88.0,71.0
2025-01-31 13:41:43,32.0,59.0,56.0
2025-01-31 13:41:44,45.0,2.0,23.0
2025-01-31 13:41:45,89.0,19.0,94.0
2025-01-31 13:41:46,86.0,7.0,92.0
2025-01-31 13:41:47,0.0,46.0,1.0
2025-01-31 13:41:48,65.0,44.0,56.0
2025-01-31 13:41:49,74.0,17.0,75.0
2025-01-31 13:41:50,95.0,66.0,64.0
2025-01-31 13:41:51,91.0,91.0,40.0
2025-01-31 13:41:52,56.0,59.0,97.0
2025-01-31 13:41:53,97.0,9.0,63.0
2025-01-31 13:41:54,22.0,85.0,99.0
2025-01-31 13:41:55,19.0,20.0,92.0
2025-01-31 13:41:56,48.0,53.0,76.0
2025-01-31 13:41:57,76.0,33.0,97.0
2025-01-31 13:41:58,93.0,3.0,8.0
2025-01-31 13:41:59,74.0,66.0,3.0
2025-01-31 13:42:00,30.0,81.0,86.0
2025-01-31 13:42:01,25.0,69.0,25.0
2025-01-31 13:42:02,58.0,85.0,99.0
2025-01-31 13:42:03,21.0,14.0,60.0
2025-01-31 13:42:04,56.0,72.0,53.0
2025-01-31 13:42:05,53.0,75.0,81.0
2025-01-31 13:42:06,55.0,62.0,48.0
2025-01-31 13:42:07,45.0,52.0,70.0
2025-01-31 13:42:08,31.0,0.0,63.0
2025-01-31 13:42:09,47.0,19.0,70.0
2025-01-31 13:42:10,1.0,59.0,82.0
2025-01-31 13:42:11,79.0,96.0,29.0
2025-01-31 13:42:12,1.0,56.0,30.0
2025-01-31 13:42:13,81.0,20.0,62.0
2025-01-31 13:42:14,51.0,45.0,70.0
2025-01-31 13:42:15,54.0,57.0,93.0
2025-01-31 13:42:16,15.0,8.0,61.0
2025-01-31 13:42:17,66.0,73.0,78.0
2025-01-31 13:42:18,86.0,30.0,52.0
2025-01-31 13:42:19,26.0,79.0,10.0
2025-01-31 13:42:20,32.0,51.0,72.0
2025-01-31 13:42:21,1.0,87.0,79.0
2025-01-31 13:42:23,8.0,37.0,36.0
2025-01-31 13:42:24,2.0,78.0,23.0
2025-01-31 13:42:25,88.0,74.0,9.0
2025-01-31 13:42:26,96.0,23.0,62.0
2025-01-31 13:42:27,23.0,46.0,79.0
2025-01-31 13:42:28,55.0,74.0,22.0
2025-01-31 13:42:29,31.0,57.0,71.0
2025-01-31 13:42:30,79.0,94.0,27.0
2025-01-31 13:42:31,56.0,36.0,16.0
2025-01-31 13:42:32,47.0,13.0,84.0
2025-01-31 13:42:33,57.0,60.0,57.0
2025-01-31 13:42:34,0.0,36.0,13.0
2025-01-31 13:42:35,33.0,75.0,10.0
2025-01-31 13:42:36,62.0,66.0,6.0
2025-01-31 13:42:37,8.0,7.0,73.0
2025-01-31 13:42:38,37.0,96.0,55.0
2025-01-31 13:42:39,24.0,66.0,8.0
2025-01-31 13:42:40,33.0,61.0,57.0
2025-01-31 13:42:41,71.0,76.0,14.0
2025-01-31 13:42:42,14.0,89.0,35.0
2025-01-31 13:42:43,59.0,38.0,94.0
2025-01-31 13:42:44,60.0,27.0,43.0
2025-01-31 13:42:45,42.0,55.0,21.0
2025-01-31 13:42:46,11.0,80.0,12.0
2025-01-31 13:42:47,9.0,90.0,83.0
2025-01-31 13:42:48,45.0,38.0,34.0
2025-01-31 13:42:49,38.0,64.0,81.0
2025-01-31 13:42:50,40.0,50.0,18.0
2025-01-31 13:42:51,75.0,98.0,74.0
2025-01-31 13:42:52,87.0,42.0,88.0
2025-01-31 13:42:53,20.0,82.0,5.0
2025-01-31 13:42:54,34.0,20.0,46.0
2025-01-31 13:42:55,3.0,20.0,50.0
2025-01-31 13:42:56,75.0,62.0,42.0
2025-01-31 13:42:57,70.0,38.0,42.0
2025-01-31 13:42:58,15.0,35.0,77.0
2025-01-31 13:42:59,34.0,67.0,74.0
2025-01-31 13:43:00,80.0,90.0,96.0
2025-01-31 13:43:01,6.0,81.0,43.0
2025-01-31 13:43:02,72.0,55.0,38.0
2025-01-31 13:43:03,75.0,20.0,75.0
2025-01-31 13:43:04,86.0,97.0,5.0
2025-01-31 13:43:05,37.0,95.0,83.0
2025-01-31 13:43:06,95.0,76.0,83.0
2025-01-31 13:43:07,82.0,27.0,51.0
2025-01-31 13:43:08,99.0,5.0,51.0
2025-01-31 13:43:09,77.0,6.0,90.0
2025-01-31 13:43:10,95.0,96.0,61.0
2025-01-31 13:43:11,31.0,25.0,6.0
2025-01-31 13:43:12,79.0,70.0,24.0
2025-01-31 13:43:13,57.0,22.0,53.0
2025-01-31 13:43:14,73.0,80.0,3.0
2025-01-31 13:43:15,83.0,34.0,82.0
2025-01-31 13:43:16,57.0,63.0,41.0
2025-01-31 13:43:17,37.0,29.0,87.0
2025-01-31 13:43:18,86.0,51.0,94.0
2025-01-31 13:43:19,22.0,30.0,30.0
2025-01-31 13:43:20,54.0,6.0,19.0
2025-01-31 13:43:21,17.0,83.0,39.0
2025-01-31 13:43:22,13.0,92.0,39.0
2025-01-31 13:43:23,44.0,68.0,83.0
2025-01-31 13:43:24,29.0,65.0,5.0
2025-01-31 13:43:25,87.0,40.0,87.0
2025-01-31 13:43:26,97.0,79.0,68.0
2025-01-31 13:43:27,63.0,0.0,99.0
2025-01-31 13:43:28,47.0,1.0,88.0
2025-01-31 13:43:29,5.0,20.0,44.0
2025-01-31 13:43:30,72.0,76.0,30.0
2025-01-31 13:43:31,19.0,69.0,88.0
2025-01-31 13:43:32,29.0,52.0,32.0
2025-01-31 13:43:33,58.0,7.0,81.0
2025-01-31 13:43:34,62.0,16.0,9.0
2025-01-31 13:43:35,45.0,48.0,85.0
2025-01-31 13:43:36,8.0,13.0,67.0
2025-01-31 13:43:37,5.0,14.0,54.0
2025-01-31 13:43:38,35.0,70.0,63.0
2025-01-31 13:43:39,79.0,58.0,39.0
2025-01-31 13:43:40,59.0,45.0,23.0
2025-01-31 13:43:41,48.0,44.0,77.0
2025-01-31 13:43:42,37.0,91.0,42.0
2025-01-31 13:43:43,98.0,77.0,4.0
2025-01-31 13:43:44,82.0,56.0,75.0
2025-01-31 13:43:45,33.0,10.0,92.0
2025-01-31 13:43:46,70.0,70.0,53.0
2025-01-31 13:43:47,53.0,28.0,28.0
2025-01-31 13:43:48,73.0,82.0,71.0
2025-01-31 13:43:49,0.0,5.0,55.0
2025-01-31 13:43:50,21.0,84.0,34.0
2025-01-31 13:43:51,47.0,28.0,88.0
2025-01-31 13:43:52,85.0,8.0,58.0
2025-01-31 13:43:53,74.0,23.0,61.0
2025-01-31 13:43:54,72.0,24.0,35.0
2025-01-31 13:43:55,89.0,56.0,44.0
2025-01-31 13:43:56,98.0,47.0,95.0
2025-01-31 13:43:57,67.0,83.0,76.0
2025-01-31 13:43:58,43.0,36.0,37.0
2025-01-31 13:43:59,46.0,62.0,57.0
2025-01-31 13:44:00,42.0,96.0,3.0
2025-01-31 13:44:01,81.0,81.0,94.0
2025-01-31 13:44:02,88.0,4.0,55.0
2025-01-31 13:44:03,87.0,83.0,17.0
2025-01-31 13:44:04,65.0,93.0,56.0
2025-01-31 13:44:05,38.0,51.0,87.0
2025-01-31 13:44:06,90.0,80.0,32.0
2025-01-31 13:44:07,26.0,29.0,7.0
2025-01-31 13:44:08,14.0,17.0,25.0
2025-01-31 13:44:09,38.0,26.0,45.0
2025-01-31 13:44:10,57.0,25.0,7.0
2025-01-31 13:44:11,79.0,51.0,41.0
2025-01-31 13:44:12,59.0,81.0,65.0
2025-01-31 13:44:13,25.0,94.0,93.0
2025-01-31 13:44:14,64.0,63.0,29.0
2025-01-31 13:44:15,1.0,72.0,40.0
2025-01-31 13:44:16,53.0,29.0,32.0
2025-01-31 13:44:17,80.0,59.0,74.0
2025-01-31 13:44:18,40.0,76.0,89.0
2025-01-31 13:44:19,4.0,18.0,68.0
2025-01-31 13:44:20,86.0,66.0,62.0
2025-01-31 13:44:21,74.0,98.0,21.0
2025-01-31 13:44:22,27.0,15.0,27.0
2025-01-31 13:44:23,41.0,9.0,58.0
2025-01-31 13:44:24,35.0,65.0,61.0
2025-01-31 13:44:25,61.0,32.0,72.0
2025-01-31 13:44:26,19.0,94.0,3.0
2025-01-31 13:44:27,54.0,31.0,16.0
2025-01-31 13:44:28,4.0,83.0,74.0
2025-01-31 13:44:29,13.0,11.0,44.0
2025-01-31 13:44:30,8.0,59.0,5.0
2025-01-31 13:44:31,72.0,92.0,72.0
2025-01-31 13:44:32,15.0,29.0,13.0
2025-01-31 13:44:33,43.0,80.0,9.0
2025-01-31 13:44:34,5.0,84.0,49.0
2025-01-31 13:44:35,11.0,9.0,83.0
2025-01-31 13:44:36,48.0,85.0,7.0
2025-01-31 13:44:37,60.0,80.0,89.0
2025-01-31 13:44:38,63.0,33.0,66.0
2025-01-31 13:44:39,85.0,0.0,85.0
2025-01-31 13:44:40,42.0,74.0,91.0
2025-01-31 13:44:41,63.0,93.0,3.0
2025-01-31 13:44:42,98.0,63.0,61.0
2025-01-31 13:44:43,91.0,77.0,89.0
2025-01-31 13:44:44,97.0,29.0,12.0
2025-01-31 13:44:45,69.0,60.0,31.0
2025-01-31 13:44:46,65.0,11.0,13.0
2025-01-31 13:44:47,96.0,50.0,4.0
2025-01-31 13:44:48,23.0,88.0,22.0
2025-01-31 13:44:49,20.0,16.0,65.0
2025-01-31 13:44:50,77.0,72.0,12.0
2025-01-31 13:44:51,80.0,76.0,0.0
2025-01-31 13:44:52,41.0,18.0,75.0
2025-01-31 13:44:53,19.0,43.0,63.0
2025-01-31 13:44:54,81.0,58.0,82.0
2025-01-31 13:44:55,67.0,52.0,51.0
2025-01-31 13:44:56,61.0,95.0,17.0
2025-01-31 13:44:57,29.0,27.0,91.0
2025-01-31 13:44:58,86.0,60.0,56.0
2025-01-31 13:44:59,92.0,1.0,39.0
2025-01-31 13:45:00,11.0,84.0,70.0
2025-01-31 13:45:01,13.0,70.0,8.0
2025-01-31 13:45:02,85.0,20.0,57.0
2025-01-31 13:45:03,45.0,97.0,79.0
2025-01-31 13:45:04,99.0,2.0,83.0
2025-01-31 13:45:05,67.0,19.0,69.0
2025-01-31 13:45:06,37.0,29.0,99.0
2025-01-31 13:45:07,18.0,18.0,5.0
2025-01-31 13:45:08,15.0,37.0,15.0
2025-01-31 13:45:09,29.0,24.0,15.0
2025-01-31 13:45:10,66.0,72.0,96.0
2025-01-31 13:45:11,60.0,78.0,79.0
2025-01-31 13:45:12,71.0,24.0,45.0
2025-01-31 13:45:13,80.0,77.0,58.0
2025-01-31 13:45:14,54.0,15.0,8.0
2025-01-31 13:45:15,21.0,8.0,45.0
2025-01-31 13:45:16,52.0,95.0,11.0
2025-01-31 13:45:17,10.0,60.0,82.0
2025-01-31 13:45:18,10.0,82.0,10.0
2025-01-31 13:45:19,1.0,60.0,35.0
2025-01-31 13:45:20,20.0,84.0,6.0
2025-01-31 13:45:21,5.0,8.0,77.0
2025-01-31 13:45:22,24.0,49.0,93.0
2025-01-31 13:45:23,44.0,16.0,24.0
2025-01-31 13:45:24,81.0,61.0,85.0
2025-01-31 13:45:25,38.0,3.0,7.0
2025-01-31 13:45:26,22.0,13.0,95.0
2025-01-31 13:45:27,51.0,83.0,98.0
2025-01-31 13:45:28,57.0,0.0,56.0
2025-01-31 13:45:29,89.0,1.0,99.0
2025-01-31 13:45:30,10.0,74.0,95.0
2025-01-31 13:45:32,28.0,91.0,47.0
2025-01-31 13:45:33,81.0,93.0,20.0
2025-01-31 13:45:34,68.0,15.0,76.0
2025-01-31 13:45:35,24.0,53.0,64.0
2025-01-31 13:45:36,87.0,95.0,19.0
2025-01-31 13:45:37,93.0,6.0,5.0
2025-01-31 13:45:38,31.0,78.0,49.0
2025-01-31 13:45:39,30.0,9.0,87.0
2025-01-31 13:45:40,32.0,74.0,84.0
2025-01-31 13:45:41,70.0,53.0,11.0
2025-01-31 13:45:42,88.0,64.0,38.0
2025-01-31 13:45:43,88.0,7.0,62.0
2025-01-31 13:45:44,58.0,16.0,75.0
2025-01-31 13:45:45,77.0,92.0,77.0
2025-01-31 13:45:46,29.0,90.0,60.0
2025-01-31 13:45:47,51.0,27.0,21.0
2025-01-31 13:45:48,39.0,40.0,64.0
2025-01-31 13:45:49,77.0,36.0,5.0
2025-01-31 13:45:50,11.0,84.0,55.0
2025-01-31 13:45:51,75.0,59.0,39.0
2025-01-31 13:45:52,49.0,99.0,72.0
2025-01-31 13:45:53,74.0,90.0,66.0
2025-01-31 13:45:54,42.0,22.0,21.0
2025-01-31 13:45:55,60.0,34.0,47.0
2025-01-31 13:45:56,93.0,17.0,1.0
2025-01-31 13:45:57,65.0,48.0,74.0
2025-01-31 13:45:58,32.0,88.0,65.0
2025-01-31 13:45:59,58.0,2.0,10.0
2025-01-31 13:46:00,19.0,10.0,37.0
2025-01-31 13:46:01,92.0,36.0,48.0
2025-01-31 13:46:02,8.0,50.0,33.0
2025-01-31 13:46:03,19.0,37.0,32.0
2025-01-31 13:46:04,94.0,93.0,10.0
2025-01-31 13:46:05,11.0,5.0,58.0
2025-01-31 13:46:06,7.0,53.0,74.0
2025-01-31 13:46:07,64.0,7.0,2.0
2025-01-31 13:46:08,14.0,69.0,39.0
2025-01-31 13:46:09,14.0,87.0,95.0
2025-01-31 13:46:10,48.0,67.0,13.0
2025-01-31 13:46:11,67.0,60.0,53.0
2025-01-31 13:46:12,70.0,83.0,56.0
2025-01-31 13:46:13,68.0,26.0,0.0
2025-01-31 13:46:14,22.0,37.0,99.0
2025-01-31 13:46:15,71.0,96.0,17.0
2025-01-31 13:46:16,41.0,58.0,35.0
2025-01-31 13:46:17,88.0,71.0,73.0
2025-01-31 13:46:18,7.0,20.0,92.0
2025-01-31 13:46:19,93.0,52.0,89.0
2025-01-31 13:46:20,13.0,28.0,3.0
2025-01-31 13:46:21,98.0,17.0,50.0
2025-01-31 13:46:22,88.0,46.0,43.0
2025-01-31 13:46:23,65.0,88.0,11.0
2025-01-31 13:46:24,66.0,43.0,38.0
2025-01-31 13:46:25,4.0,67.0,57.0
2025-01-31 13:46:26,22.0,46.0,31.0
2025-01-31 13:46:27,3.0,20.0,27.0
2025-01-31 13:46:28,64.0,51.0,5.0
2025-01-31 13:46:29,29.0,42.0,16.0
2025-01-31 13:46:30,88.0,50.0,85.0
2025-01-31 13:46:31,2.0,73.0,45.0
2025-01-31 13:46:32,97.0,15.0,52.0
2025-01-31 13:46:33,88.0,86.0,28.0
2025-01-31 13:46:34,17.0,22.0,23.0
2025-01-31 13:46:35,26.0,96.0,61.0
2025-01-31 13:46:36,79.0,84.0,42.0
2025-01-31 13:46:37,90.0,97.0,28.0
2025-01-31 13:46:38,11.0,43.0,44.0
2025-01-31 13:46:39,52.0,25.0,38.0
2025-01-31 13:46:40,72.0,87.0,57.0
2025-01-31 13:46:41,15.0,27.0,61.0
2025-01-31 13:46:42,82.0,77.0,44.0
2025-01-31 13:46:43,28.0,13.0,35.0
2025-01-31 13:46:44,1.0,39.0,23.0
2025-01-31 13:46:45,23.0,64.0,91.0
2025-01-31 13:46:46,58.0,59.0,43.0
2025-01-31 13:46:47,48.0,27.0,52.0
2025-01-31 13:46:48,33.0,8.0,41.0
2025-01-31 13:46:49,21.0,99.0,69.0
2025-01-31 13:46:50,30.0,81.0,76.0
2025-01-31 13:46:51,13.0,7.0,54.0
2025-01-31 13:46:52,98.0,69.0,15.0
2025-01-31 13:46:53,80.0,47.0,27.0
2025-01-31 13:46:54,75.0,88.0,86.0
2025-01-31 13:46:55,64.0,47.0,6.0
2025-01-31 13:46:56,38.0,27.0,2.0
2025-01-31 13:46:57,31.0,79.0,57.0
2025-01-31 13:46:58,46.0,27.0,40.0
2025-01-31 13:46:59,38.0,41.0,42.0
2025-01-31 13:47:00,2.0,65.0,69.0
2025-01-31 13:47:01,11.0,8.0,2.0
2025-01-31 13:47:02,43.0,73.0,80.0
2025-01-31 13:47:03,36.0,2.0,64.0
2025-01-31 13:47:04,70.0,1.0,87.0
2025-01-31 13:47:05,40.0,8.0,55.0
2025-01-31 13:47:06,5.0,87.0,14.0
2025-01-31 13:47:07,1.0,65.0,99.0
2025-01-31 13:47:08,59.0,57.0,90.0
2025-01-31 13:47:09,43.0,82.0,82.0
2025-01-31 13:47:10,3.0,39.0,84.0
2025-01-31 13:47:11,61.0,4.0,32.0
2025-01-31 13:47:12,27.0,84.0,24.0
2025-01-31 13:47:13,56.0,14.0,7.0
2025-01-31 13:47:14,48.0,8.0,4.0
2025-01-31 13:47:15,87.0,35.0,32.0
2025-01-31 13:47:16,36.0,57.0,25.0
2025-01-31 13:47:17,64.0,54.0,28.0
2025-01-31 13:47:18,33.0,23.0,30.0
2025-01-31 13:47:19,44.0,70.0,32.0
2025-01-31 13:47:20,4.0,85.0,79.0
2025-01-31 13:47:21,64.0,55.0,26.0
2025-01-31 13:47:22,79.0,10.0,20.0
2025-01-31 13:47:23,90.0,1.0,24.0
2025-01-31 13:47:24,49.0,67.0,2.0
2025-01-31 13:47:25,10.0,4.0,63.0
2025-01-31 13:47:26,60.0,64.0,28.0
2025-01-31 13:47:27,27.0,1.0,0.0
2025-01-31 13:47:28,82.0,44.0,85.0
2025-01-31 13:47:29,69.0,23.0,55.0
2025-01-31 13:47:30,68.0,78.0,27.0
2025-01-31 13:47:31,69.0,74.0,21.0
2025-01-31 13:47:32,37.0,57.0,20.0
2025-01-31 13:47:33,89.0,12.0,42.0
2025-01-31 13:47:34,83.0,2.0,41.0
2025-01-31 13:47:35,52.0,67.0,87.0
2025-01-31 13:47:36,88.0,7.0,33.0
2025-01-31 13:47:37,32.0,81.0,3.0
2025-01-31 13:47:38,32.0,27.0,50.0
2025-01-31 13:47:39,85.0,70.0,19.0
2025-01-31 13:47:40,23.0,65.0,74.0
2025-01-31 13:47:41,17.0,18.0,93.0
2025-01-31 13:47:42,0.0,34.0,91.0
2025-01-31 13:47:43,57.0,19.0,45.0
2025-01-31 13:47:44,93.0,12.0,79.0
2025-01-31 13:47:45,69.0,18.0,30.0
2025-01-31 13:47:46,98.0,49.0,57.0
2025-01-31 13:47:47,90.0,68.0,8.0
2025-01-31 13:47:48,26.0,72.0,52.0
2025-01-31 13:47:49,17.0,93.0,11.0
2025-01-31 13:47:50,41.0,31.0,7.0
2025-01-31 13:47:51,68.0,63.0,1.0
2025-01-31 13:47:52,22.0,37.0,58.0
2025-01-31 13:47:53,78.0,46.0,94.0
2025-01-31 13:47:54,63.0,83.0,10.0
2025-01-31 13:47:55,84.0,73.0,87.0
2025-01-31 13:47:56,32.0,69.0,7.0
2025-01-31 13:47:57,62.0,84.0,48.0
2025-01-31 13:47:58,35.0,30.0,98.0
2025-01-31 13:47:59,94.0,26.0,50.0
2025-01-31 13:48:00,34.0,15.0,68.0
2025-01-31 13:48:01,91.0,99.0,71.0
2025-01-31 13:48:02,69.0,1.0,96.0
2025-01-31 13:48:03,10.0,73.0,92.0
2025-01-31 13:48:04,11.0,28.0,0.0
2025-01-31 13:48:05,12.0,79.0,39.0
2025-01-31 13:48:06,69.0,51.0,14.0
2025-01-31 13:48:07,64.0,84.0,11.0
2025-01-31 13:48:08,44.0,91.0,27.0
2025-01-31 13:48:09,41.0,99.0,97.0
2025-01-31 13:48:10,95.0,6.0,91.0
2025-01-31 13:48:11,11.0,38.0,82.0
2025-01-31 13:48:12,53.0,18.0,23.0
2025-01-31 13:48:13,3.0,80.0,8.0
2025-01-31 13:48:14,73.0,37.0,80.0
2025-01-31 13:48:15,99.0,93.0,49.0
2025-01-31 13:48:16,43.0,18.0,46.0
2025-01-31 13:48:17,75.0,75.0,81.0
2025-01-31 13:48:18,76.0,30.0,35.0
2025-01-31 13:48:19,28.0,48.0,97.0
2025-01-31 13:48:20,62.0,61.0,47.0
2025-01-31 13:48:21,37.0,14.0,95.0
2025-01-31 13:48:22,30.0,7.0,56.0
2025-01-31 13:48:23,25.0,43.0,66.0
2025-01-31 13:48:24,15.0,50.0,42.0
2025-01-31 13:48:25,75.0,23.0,65.0
2025-01-31 13:48:26,12.0,29.0,80.0
2025-01-31 13:48:27,73.0,57.0,56.0
2025-01-31 13:48:28,23.0,53.0,6.0
2025-01-31 13:48:29,52.0,76.0,62.0
2025-01-31 13:48:30,38.0,11.0,66.0
2025-01-31 13:48:31,94.0,9.0,82.0
2025-01-31 13:48:32,96.0,9.0,96.0
2025-01-31 13:48:33,44.0,35.0,65.0
2025-01-31 13:48:34,58.0,3.0,3.0
2025-01-31 13:48:35,4.0,46.0,55.0
2025-01-31 13:48:36,50.0,75.0,27.0
2025-01-31 13:48:37,63.0,52.0,11.0
2025-01-31 13:48:38,84.0,87.0,16.0
2025-01-31 13:48:39,77.0,51.0,90.0
2025-01-31 13:48:40,83.0,20.0,99.0
2025-01-31 13:48:42,90.0,42.0,11.0
2025-01-31 13:48:43,36.0,62.0,60.0
2025-01-31 13:48:44,69.0,14.0,78.0
2025-01-31 13:48:45,66.0,57.0,99.0
2025-01-31 13:48:46,50.0,19.0,98.0
2025-01-31 13:48:47,43.0,68.0,76.0
2025-01-31 13:48:48,1.0,46.0,88.0
2025-01-31 13:48:49,20.0,81.0,49.0
2025-01-31 13:48:50,11.0,47.0,44.0
2025-01-31 13:48:51,76.0,96.0,78.0
2025-01-31 13:48:52,56.0,36.0,62.0
2025-01-31 13:48:53,39.0,39.0,79.0
2025-01-31 13:48:54,87.0,66.0,0.0
2025-01-31 13:48:55,6.0,91.0,56.0
2025-01-31 13:48:56,98.0,46.0,70.0
2025-01-31 13:48:57,33.0,1.0,90.0
2025-01-31 13:48:58,84.0,58.0,27.0
2025-01-31 13:48:59,94.0,86.0,97.0
2025-01-31 13:49:00,89.0,35.0,27.0
2025-01-31 13:49:01,68.0,0.0,64.0
2025-01-31 13:49:02,40.0,88.0,10.0
2025-01-31 13:49:03,83.0,23.0,31.0
2025-01-31 13:49:04,23.0,56.0,14.0
2025-01-31 13:49:05,12.0,69.0,52.0
2025-01-31 13:49:06,62.0,81.0,35.0
2025-01-31 13:49:07,35.0,71.0,24.0
2025-01-31 13:49:08,70.0,66.0,93.0
2025-01-31 13:49:09,28.0,26.0,33.0
2025-01-31 13:49:10,99.0,3.0,26.0
2025-01-31 13:49:11,88.0,41.0,89.0
2025-01-31 13:49:12,19.0,81.0,15.0
2025-01-31 13:49:13,23.0,98.0,52.0
2025-01-31 13:49:14,68.0,61.0,89.0
2025-01-31 13:49:15,1.0,83.0,93.0
2025-01-31 13:49:16,20.0,13.0,42.0
2025-01-31 13:49:17,26.0,50.0,56.0
2025-01-31 13:49:18,32.0,6.0,92.0
2025-01-31 13:49:19,64.0,2.0,6.0
2025-01-31 13:49:20,90.0,19.0,2.0
2025-01-31 13:49:21,34.0,75.0,92.0
2025-01-31 13:49:22,32.0,94.0,69.0
2025-01-31 13:49:23,43.0,47.0,27.0
2025-01-31 13:49:24,95.0,64.0,93.0
2025-01-31 13:49:25,66.0,94.0,84.0
2025-01-31 13:49:26,58.0,21.0,66.0
2025-01-31 13:49:27,70.0,42.0,92.0
2025-01-31 13:49:28,54.0,29.0,45.0
2025-01-31 13:49:29,47.0,72.0,80.0
2025-01-31 13:49:30,96.0,97.0,46.0
2025-01-31 13:49:31,40.0,6.0,0.0
2025-01-31 13:49:32,43.0,81.0,14.0
2025-01-31 13:49:33,75.0,17.0,2.0
2025-01-31 13:49:34,92.0,11.0,68.0
2025-01-31 13:49:35,75.0,37.0,98.0
2025-01-31 13:49:36,32.0,37.0,66.0
2025-01-31 13:49:37,86.0,92.0,4.0
2025-01-31 13:49:38,60.0,59.0,15.0
2025-01-31 13:49:39,95.0,85.0,81.0
2025-01-31 13:49:40,63.0,68.0,64.0
2025-01-31 13:49:41,78.0,25.0,4.0
2025-01-31 13:49:42,15.0,26.0,86.0
2025-01-31 13:49:43,40.0,23.0,8.0
2025-01-31 13:49:44,50.0,59.0,20.0
2025-01-31 13:49:45,97.0,79.0,18.0
2025-01-31 13:49:46,17.0,57.0,30.0
2025-01-31 13:49:47,21.0,51.0,71.0
2025-01-31 13:49:48,28.0,22.0,99.0
2025-01-31 13:49:49,52.0,56.0,49.0
2025-01-31 13:49:50,76.0,4.0,48.0
2025-01-31 13:49:51,87.0,33.0,14.0
2025-01-31 13:49:52,57.0,59.0,10.0
2025-01-31 13:49:53,76.0,0.0,16.0
2025-01-31 13:49:54,70.0,72.0,55.0
2025-01-31 13:49:55,42.0,86.0,14.0
2025-01-31 13:49:56,86.0,29.0,83.0
2025-01-31 13:49:57,87.0,87.0,31.0
2025-01-31 13:49:58,59.0,85.0,99.0
2025-01-31 13:49:59,19.0,71.0,69.0
2025-01-31 13:50:00,3.0,53.0,96.0
2025-01-31 13:50:01,41.0,98.0,48.0
2025-01-31 13:50:02,37.0,26.0,21.0
2025-01-31 13:50:03,28.0,94.0,63.0
2025-01-31 13:50:04,27.0,47.0,98.0
2025-01-31 13:50:05,31.0,90.0,90.0
2025-01-31 13:50:06,30.0,23.0,17.0
2025-01-31 13:50:07,29.0,7.0,83.0
2025-01-31 13:50:08,39.0,74.0,33.0
2025-01-31 13:50:09,46.0,89.0,31.0
2025-01-31 13:50:10,71.0,55.0,36.0
2025-01-31 13:50:11,79.0,46.0,84.0
2025-01-31 13:50:12,76.0,74.0,84.0
2025-01-31 13:50:13,85.0,87.0,45.0
2025-01-31 13:50:14,49.0,0.0,86.0
2025-01-31 13:50:15,8.0,13.0,12.0
2025-01-31 13:50:16,27.0,50.0,42.0
2025-01-31 13:50:17,85.0,71.0,49.0
2025-01-31 13:50:18,54.0,68.0,60.0
2025-01-31 13:50:19,96.0,59.0,73.0
2025-01-31 13:50:20,98.0,85.0,48.0
2025-01-31 13:50:21,19.0,67.0,4.0
2025-01-31 13:50:22,33.0,29.0,90.0
2025-01-31 13:50:23,94.0,66.0,31.0
2025-01-31 13:50:24,11.0,69.0,58.0
2025-01-31 13:50:25,99.0,57.0,45.0
2025-01-31 13:50:26,23.0,55.0,75.0
2025-01-31 13:50:27,20.0,76.0,75.0
2025-01-31 13:50:28,85.0,68.0,92.0
2025-01-31 13:50:29,67.0,24.0,44.0
2025-01-31 13:50:30,86.0,90.0,13.0
2025-01-31 13:50:31,25.0,38.0,43.0
2025-01-31 13:50:32,3.0,12.0,11.0
2025-01-31 13:50:33,96.0,72.0,63.0
2025-01-31 13:50:34,96.0,27.0,65.0
2025-01-31 13:50:35,3.0,19.0,43.0
2025-01-31 13:50:36,71.0,0.0,49.0
2025-01-31 13:50:37,29.0,38.0,97.0
2025-01-31 13:50:38,65.0,16.0,43.0
2025-01-31 13:50:39,79.0,47.0,48.0
2025-01-31 13:50:40,77.0,48.0,80.0
2025-01-31 13:50:41,60.0,38.0,92.0
2025-01-31 13:50:42,61.0,17.0,76.0
2025-01-31 13:50:43,88.0,42.0,45.0
2025-01-31 13:50:44,4.0,79.0,69.0
2025-01-31 13:50:45,75.0,65.0,53.0
2025-01-31 13:50:46,15.0,40.0,69.0
2025-01-31 13:50:47,27.0,1.0,56.0
2025-01-31 13:50:48,10.0,85.0,93.0
2025-01-31 13:50:49,6.0,93.0,72.0
2025-01-31 13:50:50,15.0,99.0,5.0
2025-01-31 13:50:51,46.0,53.0,37.0
2025-01-31 13:50:52,49.0,22.0,20.0
2025-01-31 13:50:53,54.0,22.0,46.0
2025-01-31 13:50:54,59.0,96.0,28.0
2025-01-31 13:50:55,52.0,16.0,57.0
2025-01-31 13:50:56,76.0,99.0,93.0
2025-01-31 13:50:57,3.0,36.0,63.0
2025-01-31 13:50:58,35.0,15.0,19.0
2025-01-31 13:50:59,21.0,93.0,52.0
2025-01-31 13:51:00,44.0,15.0,76.0
2025-01-31 13:51:01,23.0,80.0,9.0
2025-01-31 13:51:02,37.0,23.0,85.0
2025-01-31 13:51:03,42.0,41.0,57.0
2025-01-31 13:51:04,2.0,98.0,43.0
2025-01-31 13:51:05,62.0,85.0,34.0
2025-01-31 13:51:06,92.0,23.0,79.0
2025-01-31 13:51:07,83.0,94.0,86.0
2025-01-31 13:51:08,52.0,93.0,77.0
2025-01-31 13:51:09,9.0,54.0,67.0
2025-01-31 13:51:10,68.0,98.0,50.0
2025-01-31 13:51:11,52.0,54.0,32.0
2025-01-31 13:51:12,8.0,1.0,90.0
2025-01-31 13:51:13,41.0,44.0,94.0
2025-01-31 13:51:14,87.0,74.0,31.0
2025-01-31 13:51:15,37.0,82.0,96.0
2025-01-31 13:51:16,81.0,72.0,82.0
2025-01-31 13:51:17,33.0,56.0,36.0
2025-01-31 13:51:18,30.0,15.0,70.0
2025-01-31 13:51:19,11.0,33.0,46.0
2025-01-31 13:51:20,45.0,20.0,97.0
2025-01-31 13:51:21,26.0,12.0,14.0
2025-01-31 13:51:22,33.0,1.0,77.0
2025-01-31 13:51:23,83.0,35.0,45.0
2025-01-31 13:51:24,66.0,70.0,69.0
2025-01-31 13:51:25,47.0,84.0,81.0
2025-01-31 13:51:26,32.0,41.0,81.0
2025-01-31 13:51:27,1.0,47.0,23.0
2025-01-31 13:51:28,15.0,61.0,61.0
2025-01-31 13:51:29,32.0,26.0,40.0
2025-01-31 13:51:30,62.0,64.0,59.0
2025-01-31 13:51:31,77.0,35.0,55.0
2025-01-31 13:51:32,23.0,26.0,59.0
2025-01-31 13:51:33,23.0,65.0,39.0
2025-01-31 13:51:34,46.0,67.0,21.0
2025-01-31 13:51:35,83.0,51.0,73.0
2025-01-31 13:51:36,43.0,86.0,99.0
2025-01-31 13:51:37,17.0,61.0,93.0
2025-01-31 13:51:38,55.0,14.0,94.0
2025-01-31 13:51:39,16.0,73.0,7.0
2025-01-31 13:51:40,1.0,80.0,58.0
2025-01-31 13:51:41,4.0,91.0,44.0
2025-01-31 13:51:42,81.0,63.0,98.0
2025-01-31 13:51:43,92.0,90.0,20.0
2025-01-31 13:51:44,54.0,29.0,40.0
2025-01-31 13:51:45,81.0,60.0,55.0
2025-01-31 13:51:46,82.0,79.0,65.0
2025-01-31 13:51:47,95.0,15.0,50.0
2025-01-31 13:51:48,88.0,89.0,25.0
2025-01-31 13:51:49,57.0,86.0,82.0
2025-01-31 13:51:51,45.0,14.0,93.0
2025-01-31 13:51:52,42.0,81.0,12.0
2025-01-31 13:51:53,96.0,66.0,66.0
2025-01-31 13:51:54,90.0,61.0,89.0
2025-01-31 13:51:55,59.0,35.0,19.0
2025-01-31 13:51:56,36.0,92.0,23.0
2025-01-31 13:51:57,81.0,2.0,5.0
2025-01-31 13:51:58,27.0,18.0,5.0
2025-01-31 13:51:59,63.0,92.0,38.0
2025-01-31 13:52:00,49.0,33.0,8.0
2025-01-31 13:52:01,36.0,31.0,96.0
2025-01-31 13:52:02,28.0,9.0,44.0
2025-01-31 13:52:03,17.0,36.0,36.0
2025-01-31 13:52:04,9.0,39.0,90.0
2025-01-31 13:52:05,14.0,4.0,68.0
2025-01-31 13:52:06,56.0,84.0,17.0
2025-01-31 13:52:07,75.0,65.0,12.0
2025-01-31 13:52:08,10.0,59.0,88.0
2025-01-31 13:52:09,48.0,33.0,32.0
2025-01-31 13:52:10,34.0,6.0,50.0
2025-01-31 13:52:11,10.0,7.0,75.0
2025-01-31 13:52:12,20.0,8.0,21.0
2025-01-31 13:52:13,7.0,99.0,57.0
2025-01-31 13:52:14,61.0,7.0,90.0
2025-01-31 13:52:15,10.0,0.0,36.0
2025-01-31 13:52:16,78.0,38.0,93.0
2025-01-31 13:52:17,15.0,15.0,72.0
2025-01-31 13:52:18,47.0,43.0,51.0
2025-01-31 13:52:19,39.0,95.0,26.0
2025-01-31 13:52:20,14.0,85.0,19.0
2025-01-31 13:52:21,80.0,98.0,56.0
2025-01-31 13:52:22,9.0,89.0,45.0
2025-01-31 13:52:23,65.0,76.0,51.0
2025-01-31 13:52:24,41.0,73.0,15.0
2025-01-31 13:52:25,44.0,46.0,3.0
2025-01-31 13:52:26,83.0,40.0,33.0
2025-01-31 13:52:27,53.0,86.0,52.0
2025-01-31 13:52:28,12.0,68.0,82.0
2025-01-31 13:52:29,87.0,68.0,62.0
2025-01-31 13:52:30,4.0,96.0,12.0
2025-01-31 13:52:31,64.0,9.0,45.0
2025-01-31 13:52:32,16.0,9.0,61.0
2025-01-31 13:52:33,78.0,61.0,31.0
2025-01-31 13:52:34,12.0,11.0,56.0
2025-01-31 13:52:35,60.0,99.0,97.0
2025-01-31 13:52:36,42.0,6.0,23.0
2025-01-31 13:52:37,44.0,7.0,84.0
2025-01-31 13:52:38,87.0,80.0,57.0
2025-01-31 13:52:39,78.0,40.0,9.0
2025-01-31 13:52:40,62.0,66.0,21.0
2025-01-31 13:52:41,36.0,7.0,26.0
2025-01-31 13:52:42,37.0,36.0,6.0
2025-01-31 13:52:43,52.0,30.0,67.0
2025-01-31 13:52:44,0.0,36.0,16.0
2025-01-31 13:52:45,15.0,46.0,99.0
2025-01-31 13:52:46,77.0,12.0,80.0
2025-01-31 13:52:47,36.0,24.0,10.0
2025-01-31 13:52:48,87.0,54.0,35.0
2025-01-31 13:52:49,23.0,31.0,73.0
2025-01-31 13:52:50,77.0,57.0,94.0
2025-01-31 13:52:51,16.0,65.0,71.0
2025-01-31 13:52:52,12.0,76.0,25.0
2025-01-31 13:52:53,7.0,9.0,75.0
2025-01-31 13:52:54,50.0,92.0,6.0
2025-01-31 13:52:55,63.0,88.0,29.0
2025-01-31 13:52:56,0.0,36.0,3.0
2025-01-31 13:52:57,15.0,31.0,75.0
2025-01-31 13:52:58,97.0,8.0,96.0
2025-01-31 13:52:59,9.0,16.0,77.0
2025-01-31 13:53:00,75.0,24.0,57.0
2025-01-31 13:53:01,19.0,92.0,44.0
2025-01-31 13:53:02,57.0,15.0,72.0
2025-01-31 13:53:03,54.0,25.0,67.0
2025-01-31 13:53:04,37.0,48.0,96.0
2025-01-31 13:53:05,70.0,36.0,13.0
2025-01-31 13:53:06,42.0,41.0,78.0
2025-01-31 13:53:07,3.0,81.0,62.0
2025-01-31 13:53:08,19.0,8.0,11.0
2025-01-31 13:53:09,76.0,82.0,67.0
2025-01-31 13:53:10,23.0,68.0,20.0
2025-01-31 13:53:11,51.0,20.0,49.0
2025-01-31 13:53:12,62.0,24.0,91.0
2025-01-31 13:53:13,65.0,71.0,29.0
2025-01-31 13:53:14,69.0,73.0,83.0
2025-01-31 13:53:15,27.0,68.0,88.0
2025-01-31 13:53:16,11.0,30.0,24.0
2025-01-31 13:53:17,57.0,39.0,59.0
2025-01-31 13:53:18,60.0,79.0,24.0
2025-01-31 13:53:19,77.0,86.0,1.0
2025-01-31 13:53:20,65.0,32.0,47.0
2025-01-31 13:53:21,62.0,91.0,79.0
2025-01-31 13:53:22,91.0,0.0,87.0
2025-01-31 13:53:23,31.0,23.0,18.0
2025-01-31 13:53:24,35.0,10.0,24.0
2025-01-31 13:53:25,19.0,57.0,92.0
2025-01-31 13:53:26,64.0,76.0,5.0
2025-01-31 13:53:27,36.0,31.0,66.0
2025-01-31 13:53:28,92.0,26.0,20.0
2025-01-31 13:53:29,77.0,4.0,85.0
2025-01-31 13:53:30,7.0,5.0,12.0
2025-01-31 13:53:31,6.0,71.0,18.0
2025-01-31 13:53:32,94.0,81.0,69.0
2025-01-31 13:53:33,33.0,71.0,81.0
2025-01-31 13:53:34,86.0,62.0,0.0
2025-01-31 13:53:35,19.0,41.0,79.0
2025-01-31 13:53:36,9.0,85.0,79.0
2025-01-31 13:53:37,82.0,80.0,56.0
2025-01-31 13:53:38,19.0,94.0,86.0
2025-01-31 13:53:39,59.0,22.0,63.0
2025-01-31 13:53:40,83.0,30.0,28.0
2025-01-31 13:53:41,50.0,99.0,65.0
2025-01-31 13:53:42,97.0,39.0,83.0
2025-01-31 13:53:43,13.0,53.0,92.0
2025-01-31 13:53:44,24.0,53.0,13.0
2025-01-31 13:53:45,95.0,11.0,20.0
2025-01-31 13:53:46,69.0,43.0,68.0
2025-01-31 13:53:47,67.0,51.0,10.0
2025-01-31 13:53:48,15.0,64.0,91.0
2025-01-31 13:53:49,49.0,40.0,87.0
2025-01-31 13:53:50,23.0,44.0,38.0
2025-01-31 13:53:51,21.0,67.0,52.0
2025-01-31 13:53:52,52.0,12.0,56.0
2025-01-31 13:53:53,62.0,51.0,84.0
2025-01-31 13:53:54,0.0,16.0,27.0
2025-01-31 13:53:55,17.0,20.0,8.0
2025-01-31 13:53:56,10.0,61.0,90.0
2025-01-31 13:53:57,63.0,90.0,58.0
2025-01-31 13:53:58,4.0,32.0,42.0
2025-01-31 13:53:59,73.0,10.0,11.0
2025-01-31 13:54:00,57.0,53.0,14.0
2025-01-31 13:54:01,72.0,0.0,7.0
2025-01-31 13:54:02,21.0,38.0,60.0
2025-01-31 13:54:03,81.0,34.0,37.0
2025-01-31 13:54:04,82.0,41.0,10.0
2025-01-31 13:54:05,33.0,37.0,4.0
2025-01-31 13:54:06,9.0,91.0,49.0
2025-01-31 13:54:07,60.0,71.0,36.0
2025-01-31 13:54:08,59.0,49.0,75.0
2025-01-31 13:54:09,25.0,87.0,28.0
2025-01-31 13:54:10,80.0,7.0,55.0
2025-01-31 13:54:11,72.0,7.0,23.0
2025-01-31 13:54:12,97.0,62.0,12.0
2025-01-31 13:54:13,14.0,38.0,96.0
2025-01-31 13:54:14,19.0,47.0,63.0
2025-01-31 13:54:15,74.0,58.0,69.0
2025-01-31 13:54:16,32.0,12.0,67.0
2025-01-31 13:54:17,79.0,22.0,66.0
2025-01-31 13:54:18,48.0,54.0,63.0
2025-01-31 13:54:19,84.0,47.0,79.0
2025-01-31 13:54:20,0.0,37.0,23.0
2025-01-31 13:54:21,20.0,11.0,55.0
2025-01-31 13:54:22,38.0,45.0,19.0
2025-01-31 13:54:23,9.0,77.0,43.0
2025-01-31 13:54:24,8.0,92.0,76.0
2025-01-31 13:54:25,49.0,2.0,52.0
2025-01-31 13:54:26,13.0,71.0,74.0
2025-01-31 13:54:27,71.0,4.0,1.0
2025-01-31 13:54:28,86.0,91.0,0.0
2025-01-31 13:54:29,22.0,15.0,64.0
2025-01-31 13:54:30,57.0,71.0,13.0
2025-01-31 13:54:31,82.0,77.0,85.0
2025-01-31 13:54:32,50.0,58.0,70.0
2025-01-31 13:54:33,54.0,9.0,5.0
2025-01-31 13:54:34,10.0,74.0,91.0
2025-01-31 13:54:35,58.0,66.0,77.0
2025-01-31 13:54:36,83.0,71.0,15.0
2025-01-31 13:54:37,33.0,91.0,58.0
2025-01-31 13:54:38,21.0,44.0,83.0
2025-01-31 13:54:39,18.0,73.0,85.0
2025-01-31 13:54:40,40.0,84.0,27.0
2025-01-31 13:54:41,61.0,28.0,6.0
2025-01-31 13:54:42,15.0,73.0,14.0
2025-01-31 13:54:43,31.0,54.0,12.0
2025-01-31 13:54:44,32.0,12.0,39.0
2025-01-31 13:54:45,79.0,12.0,57.0
2025-01-31 13:54:46,18.0,1.0,47.0
2025-01-31 13:54:47,35.0,87.0,25.0
2025-01-31 13:54:48,93.0,59.0,33.0
2025-01-31 13:54:49,53.0,7.0,7.0
2025-01-31 13:54:50,52.0,93.0,90.0
2025-01-31 13:54:51,69.0,33.0,35.0
2025-01-31 13:54:52,23.0,76.0,61.0
2025-01-31 13:54:53,18.0,15.0,49.0
2025-01-31 13:54:54,79.0,32.0,2.0
2025-01-31 13:54:55,88.0,35.0,56.0
2025-01-31 13:54:56,5.0,22.0,34.0
2025-01-31 13:54:57,46.0,4.0,75.0
